세부모델,가격,엔진형식,연료,배기량,최고출력,최대토크,공회전 제한장치,굴림방식,변속기,서스펜션 (전),서스펜션 (후),브레이크 (전),브레이크 (후),타이어 (전),타이어 (후),휠 (전),휠 (후),복합연비,도심연비,고속연비,CO₂ 배출,에너지소비효율,전장,전폭,전고,축거,윤거 (전),윤거 (후),오버행 (전),오버행 (후),승차정원,공차중량,연료탱크,헤드램프,헤드램프 부가기능,리어 램프,와이퍼,자외선 차단유리,차음 유리,계기판,스티어링 휠,기어 노브,룸미러,엠비언트 라이트,뒷좌석 측면커튼,에어백,주행안전,정속주행,주차 브레이크,엔진시동,트렁크,파워 아웃렛,주차보조,시트배열,시트재질,운전석,동승석,2열,3열,에어컨,온도조절 범위,뒷좌석 송풍구,주요기능,부가기능,스피커,사운드시스템
2WD (5인승) (A/T),"69,450,000원",직렬 4기통,가솔린,"2,497 cc","304/5,800 ps/rpm","43.0/1,650~4,000 kg.m/rpm",지원,FR,자동 8단,멀티링크,멀티링크,벤틸레이티드 디스크,벤틸레이티드 디스크,265/55R,265/55R,19 인치,19 인치,9.3 km/ℓ,8.2 km/ℓ,11.0 km/ℓ,183 g/km,5 등급,"4,940 mm","1,975 mm","1,715 mm","2,955 mm","1,674 mm","1,689 mm",880 mm,"1,105 mm",5,"2,075 kg",80 ℓ,LED,"오토 라이트 컨트롤 , 오토 하이빔","LED , 급제동 경보",전방 레인센서,"앞면 , 앞좌석 , 뒷좌석 , 뒷면","앞면 , 앞좌석 , 뒷좌석",디지털,"열선 , 틸트 , 텔레스코픽 , 전동 조절 , 진동 위험 경고","다이얼식 , 패들 시프트","자동디밍 , 하이패스 내장",유,2열,"운전석 , 동승석 , 운전석 무릎 , 사이드 (앞) , 사이드 (뒤) , 커튼","ABS , 전자 제어 서스펜션 , 전방 추돌 경고 , 전방 자동 긴급제동 , 차선 이탈 경고 , 후측방 사각 지대 경고 , 후측방 충돌 방지 보조 , 부주의 운전 경보 , 타이어 공기압 경고 , 차선 이탈 방지 보조 , 주행 조향 보조","CC (정지, 재출발) , 고속도로 주행 보조","전자식 , 오토홀드","버튼시동 , 스마트폰 디지털키","전동식 , 스마트 트렁크",스마트폰 무선 충전,"전방감지 , 후방감지 , 후방카메라 , 조향연동 안내선",2 + 3,천연가죽,"열선 , 통풍 , 전동조절 , 메모리 , 요추받침","열선 , 통풍 , 전동조절 , 워크인 스위치 , 메모리 , 요추받침","열선 , 통풍 , 등받이 각도 조절 , 전동조절 , 접이식 시트 , 4:2:4 분할 접이 , 유아용 시트 고정장치",분할 접이식 시트,"자동 온도조절 , 자동 성에제거",3 존,"2열 , 3열","내비게이션 , 라디오 , DMB 수신 , 텔레매틱스 , 오디오 파일 재생 , 블루투스","터치스크린 , 음성인식 , 애플 카플레이 , 안드로이드 오토 , 발렛모드",9,None
AWD (5인승) (A/T),"72,450,000원",직렬 4기통,가솔린,"2,497 cc","304/5,800 ps/rpm","43.0/1,650~4,000 kg.m/rpm",지원,AWD,자동 8단,멀티링크,멀티링크,벤틸레이티드 디스크,벤틸레이티드 디스크,265/55R,265/55R,19 인치,19 인치,8.9 km/ℓ,7.8 km/ℓ,10.6 km/ℓ,192 g/km,5 등급,"4,940 mm","1,975 mm","1,715 mm","2,955 mm","1,674 mm","1,689 mm",880 mm,"1,105 mm",5,"2,145 kg",80 ℓ,LED,"오토 라이트 컨트롤 , 오토 하이빔","LED , 급제동 경보",전방 레인센서,"앞면 , 앞좌석 , 뒷좌석 , 뒷면","앞면 , 앞좌석 , 뒷좌석",디지털,"열선 , 틸트 , 텔레스코픽 , 전동 조절 , 진동 위험 경고","다이얼식 , 패들 시프트","자동디밍 , 하이패스 내장",유,2열,"운전석 , 동승석 , 운전석 무릎 , 사이드 (앞) , 사이드 (뒤) , 커튼","ABS , 전자 제어 서스펜션 , 전방 추돌 경고 , 전방 자동 긴급제동 , 차선 이탈 경고 , 후측방 사각 지대 경고 , 후측방 충돌 방지 보조 , 부주의 운전 경보 , 타이어 공기압 경고 , 차선 이탈 방지 보조 , 주행 조향 보조","CC (정지, 재출발) , 고속도로 주행 보조","전자식 , 오토홀드","버튼시동 , 스마트폰 디지털키","전동식 , 스마트 트렁크",스마트폰 무선 충전,"전방감지 , 후방감지 , 후방카메라 , 조향연동 안내선",2 + 3,천연가죽,"열선 , 통풍 , 전동조절 , 메모리 , 요추받침","열선 , 통풍 , 전동조절 , 워크인 스위치 , 메모리 , 요추받침","열선 , 통풍 , 등받이 각도 조절 , 전동조절 , 접이식 시트 , 4:2:4 분할 접이 , 유아용 시트 고정장치",분할 접이식 시트,"자동 온도조절 , 자동 성에제거",3 존,"2열 , 3열","내비게이션 , 라디오 , DMB 수신 , 텔레매틱스 , 오디오 파일 재생 , 블루투스","터치스크린 , 음성인식 , 애플 카플레이 , 안드로이드 오토 , 발렛모드",9,None
BLACK AWD (5인승) (A/T),"94,400,000원",직렬 4기통,가솔린,"2,497 cc","304/5,800 ps/rpm","43.0/1,650~4,000 kg.m/rpm",지원,AWD,자동 8단,멀티링크,멀티링크,벤틸레이티드 디스크,벤틸레이티드 디스크,265/40R,265/40R,22 인치,22 인치,8.3 km/ℓ,7.4 km/ℓ,9.7 km/ℓ,206 g/km,5 등급,"4,940 mm","1,975 mm","1,715 mm","2,955 mm","1,674 mm","1,689 mm",880 mm,"1,105 mm",5,"2,155 kg",80 ℓ,LED,"오토 라이트 컨트롤 , 오토 하이빔","LED , 급제동 경보",전방 레인센서,"앞면 , 앞좌석 , 뒷좌석 , 뒷면","앞면 , 앞좌석 , 뒷좌석",디지털,"열선 , 틸트 , 텔레스코픽 , 전동 조절 , 진동 위험 경고","다이얼식 , 패들 시프트","자동디밍 , 하이패스 내장",유,2열,"운전석 , 동승석 , 운전석 무릎 , 사이드 (앞) , 사이드 (뒤) , 커튼","ABS , 전자 제어 서스펜션 , 전방 추돌 경고 , 전방 자동 긴급제동 , 차선 이탈 경고 , 후측방 사각 지대 경고 , 후측방 충돌 방지 보조 , 부주의 운전 경보 , 타이어 공기압 경고 , 차선 이탈 방지 보조 , 주행 조향 보조","CC (정지, 재출발) , 고속도로 주행 보조","전자식 , 오토홀드","버튼시동 , 스마트폰 디지털키","전동식 , 스마트 트렁크",스마트폰 무선 충전,"전방감지 , 후방감지 , 후방카메라 , 조향연동 안내선",2 + 3,천연가죽,"열선 , 통풍 , 전동조절 , 메모리 , 요추받침","열선 , 통풍 , 전동조절 , 워크인 스위치 , 메모리 , 요추받침","열선 , 통풍 , 등받이 각도 조절 , 전동조절 , 접이식 시트 , 4:2:4 분할 접이 , 유아용 시트 고정장치",분할 접이식 시트,"자동 온도조절 , 자동 성에제거",3 존,"2열 , 3열","내비게이션 , 라디오 , DMB 수신 , 텔레매틱스 , 오디오 파일 재생 , 블루투스","터치스크린 , 음성인식 , 애플 카플레이 , 안드로이드 오토 , 발렛모드",9,BANG & OLUFSEN
2WD (6인승) (A/T),"71,950,000원",직렬 4기통,가솔린,"2,497 cc","304/5,800 ps/rpm","43.0/1,650~4,000 kg.m/rpm",지원,FR,자동 8단,멀티링크,멀티링크,벤틸레이티드 디스크,벤틸레이티드 디스크,265/55R,265/55R,19 인치,19 인치,9.3 km/ℓ,8.2 km/ℓ,11.0 km/ℓ,183 g/km,5 등급,"4,940 mm","1,975 mm","1,715 mm","2,955 mm","1,674 mm","1,689 mm",880 mm,"1,105 mm",6,"2,075 kg",80 ℓ,LED,"오토 라이트 컨트롤 , 오토 하이빔","LED , 급제동 경보",전방 레인센서,"앞면 , 앞좌석 , 뒷좌석 , 뒷면","앞면 , 앞좌석 , 뒷좌석",디지털,"열선 , 틸트 , 텔레스코픽 , 전동 조절 , 진동 위험 경고","다이얼식 , 패들 시프트","자동디밍 , 하이패스 내장",유,2열,"운전석 , 동승석 , 운전석 무릎 , 사이드 (앞) , 사이드 (뒤) , 커튼","ABS , 전자 제어 서스펜션 , 전방 추돌 경고 , 전방 자동 긴급제동 , 차선 이탈 경고 , 후측방 사각 지대 경고 , 후측방 충돌 방지 보조 , 부주의 운전 경보 , 타이어 공기압 경고 , 차선 이탈 방지 보조 , 주행 조향 보조","CC (정지, 재출발) , 고속도로 주행 보조","전자식 , 오토홀드","버튼시동 , 스마트폰 디지털키","전동식 , 스마트 트렁크",스마트폰 무선 충전,"전방감지 , 후방감지 , 후방카메라 , 조향연동 안내선",2 + 2 + 2,천연가죽,"열선 , 통풍 , 전동조절 , 메모리 , 요추받침","열선 , 통풍 , 전동조절 , 워크인 스위치 , 메모리 , 요추받침","열선 , 통풍 , 등받이 각도 조절 , 전동조절 , 접이식 시트 , 4:2:4 분할 접이 , 유아용 시트 고정장치",분할 접이식 시트,"자동 온도조절 , 자동 성에제거",3 존,"2열 , 3열","내비게이션 , 라디오 , DMB 수신 , 텔레매틱스 , 오디오 파일 재생 , 블루투스","터치스크린 , 음성인식 , 애플 카플레이 , 안드로이드 오토 , 발렛모드",9,None
AWD (6인승) (A/T),"74,950,000원",직렬 4기통,가솔린,"2,497 cc","304/5,800 ps/rpm","43.0/1,650~4,000 kg.m/rpm",지원,AWD,자동 8단,멀티링크,멀티링크,벤틸레이티드 디스크,벤틸레이티드 디스크,265/55R,265/55R,19 인치,19 인치,8.9 km/ℓ,7.8 km/ℓ,10.6 km/ℓ,192 g/km,5 등급,"4,940 mm","1,975 mm","1,715 mm","2,955 mm","1,674 mm","1,689 mm",880 mm,"1,105 mm",6,"2,195 kg",80 ℓ,LED,"오토 라이트 컨트롤 , 오토 하이빔","LED , 급제동 경보",전방 레인센서,"앞면 , 앞좌석 , 뒷좌석 , 뒷면","앞면 , 앞좌석 , 뒷좌석",디지털,"열선 , 틸트 , 텔레스코픽 , 전동 조절 , 진동 위험 경고","다이얼식 , 패들 시프트","자동디밍 , 하이패스 내장",유,2열,"운전석 , 동승석 , 운전석 무릎 , 사이드 (앞) , 사이드 (뒤) , 커튼","ABS , 전자 제어 서스펜션 , 전방 추돌 경고 , 전방 자동 긴급제동 , 차선 이탈 경고 , 후측방 사각 지대 경고 , 후측방 충돌 방지 보조 , 부주의 운전 경보 , 타이어 공기압 경고 , 차선 이탈 방지 보조 , 주행 조향 보조","CC (정지, 재출발) , 고속도로 주행 보조","전자식 , 오토홀드","버튼시동 , 스마트폰 디지털키","전동식 , 스마트 트렁크",스마트폰 무선 충전,"전방감지 , 후방감지 , 후방카메라 , 조향연동 안내선",2 + 2 + 2,천연가죽,"열선 , 통풍 , 전동조절 , 메모리 , 요추받침","열선 , 통풍 , 전동조절 , 워크인 스위치 , 메모리 , 요추받침","열선 , 통풍 , 등받이 각도 조절 , 전동조절 , 접이식 시트 , 4:2:4 분할 접이 , 유아용 시트 고정장치",분할 접이식 시트,"자동 온도조절 , 자동 성에제거",3 존,"2열 , 3열","내비게이션 , 라디오 , DMB 수신 , 텔레매틱스 , 오디오 파일 재생 , 블루투스","터치스크린 , 음성인식 , 애플 카플레이 , 안드로이드 오토 , 발렛모드",9,None
BLACK AWD (6인승) (A/T),"96,900,000원",직렬 4기통,가솔린,"2,497 cc","304/5,800 ps/rpm","43.0/1,650~4,000 kg.m/rpm",지원,AWD,자동 8단,멀티링크,멀티링크,벤틸레이티드 디스크,벤틸레이티드 디스크,265/40R,265/40R,22 인치,22 인치,8.3 km/ℓ,7.4 km/ℓ,9.7 km/ℓ,206 g/km,5 등급,"4,940 mm","1,975 mm","1,715 mm","2,955 mm","1,674 mm","1,689 mm",880 mm,"1,105 mm",6,"2,155 kg",80 ℓ,LED,"오토 라이트 컨트롤 , 오토 하이빔","LED , 급제동 경보",전방 레인센서,"앞면 , 앞좌석 , 뒷좌석 , 뒷면","앞면 , 앞좌석 , 뒷좌석",디지털,"열선 , 틸트 , 텔레스코픽 , 전동 조절 , 진동 위험 경고","다이얼식 , 패들 시프트","자동디밍 , 하이패스 내장",유,2열,"운전석 , 동승석 , 운전석 무릎 , 사이드 (앞) , 사이드 (뒤) , 커튼","ABS , 전자 제어 서스펜션 , 전방 추돌 경고 , 전방 자동 긴급제동 , 차선 이탈 경고 , 후측방 사각 지대 경고 , 후측방 충돌 방지 보조 , 부주의 운전 경보 , 타이어 공기압 경고 , 차선 이탈 방지 보조 , 주행 조향 보조","CC (정지, 재출발) , 고속도로 주행 보조","전자식 , 오토홀드","버튼시동 , 스마트폰 디지털키","전동식 , 스마트 트렁크",스마트폰 무선 충전,"전방감지 , 후방감지 , 후방카메라 , 조향연동 안내선",2 + 2 + 2,천연가죽,"열선 , 통풍 , 전동조절 , 메모리 , 요추받침","열선 , 통풍 , 전동조절 , 워크인 스위치 , 메모리 , 요추받침","열선 , 통풍 , 등받이 각도 조절 , 전동조절 , 접이식 시트 , 4:2:4 분할 접이 , 유아용 시트 고정장치",분할 접이식 시트,"자동 온도조절 , 자동 성에제거",3 존,"2열 , 3열","내비게이션 , 라디오 , DMB 수신 , 텔레매틱스 , 오디오 파일 재생 , 블루투스","터치스크린 , 음성인식 , 애플 카플레이 , 안드로이드 오토 , 발렛모드",9,BANG & OLUFSEN
2WD (7인승) (A/T),"70,450,000원",직렬 4기통,가솔린,"2,497 cc","304/5,800 ps/rpm","43.0/1,650~4,000 kg.m/rpm",지원,FR,자동 8단,멀티링크,멀티링크,벤틸레이티드 디스크,벤틸레이티드 디스크,265/55R,265/55R,19 인치,19 인치,9.3 km/ℓ,8.2 km/ℓ,11.0 km/ℓ,183 g/km,5 등급,"4,940 mm","1,975 mm","1,715 mm","2,955 mm","1,674 mm","1,689 mm",880 mm,"1,105 mm",7,"2,075 kg",80 ℓ,LED,"오토 라이트 컨트롤 , 오토 하이빔","LED , 급제동 경보",전방 레인센서,"앞면 , 앞좌석 , 뒷좌석 , 뒷면","앞면 , 앞좌석 , 뒷좌석",디지털,"열선 , 틸트 , 텔레스코픽 , 전동 조절 , 진동 위험 경고","다이얼식 , 패들 시프트","자동디밍 , 하이패스 내장",유,2열,"운전석 , 동승석 , 운전석 무릎 , 사이드 (앞) , 사이드 (뒤) , 커튼","ABS , 전자 제어 서스펜션 , 전방 추돌 경고 , 전방 자동 긴급제동 , 차선 이탈 경고 , 후측방 사각 지대 경고 , 후측방 충돌 방지 보조 , 부주의 운전 경보 , 타이어 공기압 경고 , 차선 이탈 방지 보조 , 주행 조향 보조","CC (정지, 재출발) , 고속도로 주행 보조","전자식 , 오토홀드","버튼시동 , 스마트폰 디지털키","전동식 , 스마트 트렁크",스마트폰 무선 충전,"전방감지 , 후방감지 , 후방카메라 , 조향연동 안내선",2 + 3 + 2,천연가죽,"열선 , 통풍 , 전동조절 , 메모리 , 요추받침","열선 , 통풍 , 전동조절 , 워크인 스위치 , 메모리 , 요추받침","열선 , 통풍 , 등받이 각도 조절 , 전동조절 , 접이식 시트 , 4:2:4 분할 접이 , 유아용 시트 고정장치",분할 접이식 시트,"자동 온도조절 , 자동 성에제거",3 존,"2열 , 3열","내비게이션 , 라디오 , DMB 수신 , 텔레매틱스 , 오디오 파일 재생 , 블루투스","터치스크린 , 음성인식 , 애플 카플레이 , 안드로이드 오토 , 발렛모드",9,None
AWD (7인승) (A/T),"73,450,000원",직렬 4기통,가솔린,"2,497 cc","304/5,800 ps/rpm","43.0/1,650~4,000 kg.m/rpm",지원,AWD,자동 8단,멀티링크,멀티링크,벤틸레이티드 디스크,벤틸레이티드 디스크,265/55R,265/55R,19 인치,19 인치,8.9 km/ℓ,7.8 km/ℓ,10.6 km/ℓ,192 g/km,5 등급,"4,940 mm","1,975 mm","1,715 mm","2,955 mm","1,674 mm","1,689 mm",880 mm,"1,105 mm",7,"2,195 kg",80 ℓ,LED,"오토 라이트 컨트롤 , 오토 하이빔","LED , 급제동 경보",전방 레인센서,"앞면 , 앞좌석 , 뒷좌석 , 뒷면","앞면 , 앞좌석 , 뒷좌석",디지털,"열선 , 틸트 , 텔레스코픽 , 전동 조절 , 진동 위험 경고","다이얼식 , 패들 시프트","자동디밍 , 하이패스 내장",유,2열,"운전석 , 동승석 , 운전석 무릎 , 사이드 (앞) , 사이드 (뒤) , 커튼","ABS , 전자 제어 서스펜션 , 전방 추돌 경고 , 전방 자동 긴급제동 , 차선 이탈 경고 , 후측방 사각 지대 경고 , 후측방 충돌 방지 보조 , 부주의 운전 경보 , 타이어 공기압 경고 , 차선 이탈 방지 보조 , 주행 조향 보조","CC (정지, 재출발) , 고속도로 주행 보조","전자식 , 오토홀드","버튼시동 , 스마트폰 디지털키","전동식 , 스마트 트렁크",스마트폰 무선 충전,"전방감지 , 후방감지 , 후방카메라 , 조향연동 안내선",2 + 3 + 2,천연가죽,"열선 , 통풍 , 전동조절 , 메모리 , 요추받침","열선 , 통풍 , 전동조절 , 워크인 스위치 , 메모리 , 요추받침","열선 , 통풍 , 등받이 각도 조절 , 전동조절 , 접이식 시트 , 4:2:4 분할 접이 , 유아용 시트 고정장치",분할 접이식 시트,"자동 온도조절 , 자동 성에제거",3 존,"2열 , 3열","내비게이션 , 라디오 , DMB 수신 , 텔레매틱스 , 오디오 파일 재생 , 블루투스","터치스크린 , 음성인식 , 애플 카플레이 , 안드로이드 오토 , 발렛모드",9,None
BLACK AWD (7인승) (A/T),"95,400,000원",직렬 4기통,가솔린,"2,497 cc","304/5,800 ps/rpm","43.0/1,650~4,000 kg.m/rpm",지원,AWD,자동 8단,멀티링크,멀티링크,벤틸레이티드 디스크,벤틸레이티드 디스크,265/40R,265/40R,22 인치,22 인치,8.3 km/ℓ,7.4 km/ℓ,9.7 km/ℓ,206 g/km,5 등급,"4,940 mm","1,975 mm","1,715 mm","2,955 mm","1,674 mm","1,689 mm",880 mm,"1,105 mm",7,"2,155 kg",80 ℓ,LED,"오토 라이트 컨트롤 , 오토 하이빔","LED , 급제동 경보",전방 레인센서,"앞면 , 앞좌석 , 뒷좌석 , 뒷면","앞면 , 앞좌석 , 뒷좌석",디지털,"열선 , 틸트 , 텔레스코픽 , 전동 조절 , 진동 위험 경고","다이얼식 , 패들 시프트","자동디밍 , 하이패스 내장",유,2열,"운전석 , 동승석 , 운전석 무릎 , 사이드 (앞) , 사이드 (뒤) , 커튼","ABS , 전자 제어 서스펜션 , 전방 추돌 경고 , 전방 자동 긴급제동 , 차선 이탈 경고 , 후측방 사각 지대 경고 , 후측방 충돌 방지 보조 , 부주의 운전 경보 , 타이어 공기압 경고 , 차선 이탈 방지 보조 , 주행 조향 보조","CC (정지, 재출발) , 고속도로 주행 보조","전자식 , 오토홀드","버튼시동 , 스마트폰 디지털키","전동식 , 스마트 트렁크",스마트폰 무선 충전,"전방감지 , 후방감지 , 후방카메라 , 조향연동 안내선",2 + 3 + 2,천연가죽,"열선 , 통풍 , 전동조절 , 메모리 , 요추받침","열선 , 통풍 , 전동조절 , 워크인 스위치 , 메모리 , 요추받침","열선 , 통풍 , 등받이 각도 조절 , 전동조절 , 접이식 시트 , 4:2:4 분할 접이 , 유아용 시트 고정장치",분할 접이식 시트,"자동 온도조절 , 자동 성에제거",3 존,"2열 , 3열","내비게이션 , 라디오 , DMB 수신 , 텔레매틱스 , 오디오 파일 재생 , 블루투스","터치스크린 , 음성인식 , 애플 카플레이 , 안드로이드 오토 , 발렛모드",9,BANG & OLUFSEN
